clause_id,company,text,word_count,category,risk_label,dpdpa_section,notes
paytm_4,paytm,"A Smart, Simple & Transparent Platform to Explore & Purchase Insurance.",11,,,,
paytm_7,paytm,"Investment in securities market are subject to market risks, read all the related documents carefully before investing. The securities are quoted as an example and not as a recommendation. Margin Funding as subject to the provisions of SEBI Circular CIR/MRD/DP/54/2017 dated June 13, 2017, and the terms and conditions mentioned in rights and obligations statement issued by the Paytm Money Limited. For detailed disclaimer please visit:",66,,,,
phonepe_0,phonepe,"This policy applies to PhonePe Limited (Formerly known as âPhonePe Private Limitedâ) a company incorporated under the Companies Act, 1956 with its registered office at Office-2, Floor 5, Wing A, Block A, Salarpuria Softzone, Bellandur Village, Varthur Hobli, Outer Ring Road, Bangalore South, Bangalore, Karnataka, India, 560103, and its Entities/Subsidiaries including but not limited to PhonePe Insurance Broking Services Private Limited, PhonePe Wealth Broking Private Limited, PhonePe Lending Services Private Limited (Formerly known as âPhonePe Credit Services Private Limitedâ and âExplorium Innovative Technologies Private Limitedâ), PhonePe Technology Services Private Limited (âPhonePe AAâ), Pincode Shopping Solutions Private Limited (Formerly known as âPhonePe Shopping Solutions Private Limitedâ) (collectively âPhonePeâ, âweâ, âourâ, or âusâ as the context may require).",116,,,,
phonepe_1,phonepe,"This policy describes how PhonePe collects, stores, uses and otherwise processes your Personal Information through PhonePe websites, PhonePe Applications, m-sites, chatbots, notifications, interacting with our content on any other site, or any other medium used by PhonePe to provide its services to you (hereinafter referred to as the âPlatformâ).",49,,,,
phonepe_2,phonepe,"By visiting, downloading, using PhonePe Platform, and/or, providing your information or availing our product/services, you expressly agree to be bound by this Privacy Policy (âPolicyâ) and the applicable service/product terms and conditions.",32,,,,
phonepe_3,phonepe,"We value the trust you place in us and respect your privacy, maintaining the highest standards for secure transactions and protection of your personal information.",25,,,,
phonepe_4,phonepe,"This Privacy Policy is published and shall be construed in accordance with the provisions of Indian laws and regulations including the Information Technology (Reasonable Security Practices and Procedures and Sensitive Personal Data or Information) Rules, 2011 under the Information Technology Act, 2000, the Aadhaar Act, 2016 and its Amendments, including the Aadhaar Regulations; that require publishing of the privacy policy for collection, use, storage, transfer, disclosure of Personal Information.",69,,,,
phonepe_5,phonepe,"Personal Information means and includes all information that can be linked to a specific individual and also includes Sensitive Personal Information (all Personal Information which requires heightened data protection measures due to its sensitive and personal nature), both, hereinafter referred to as âPersonal Informationâ, excluding any information that is freely available or accessible in public domain.",56,,,,
phonepe_6,phonepe,"Please note, your Personal Information processing will be subject to Indian laws.",12,,,,
phonepe_7,phonepe,"If you do not agree with this Privacy Policy, please do not use or access our Platform.",17,,,,
phonepe_8,phonepe,We may collect your Personal Information when you use our services or Platform or otherwise interact with us during the course of our relationship.Â We collect Personal Information which is relevant and absolutely necessary for providing the services requested by you and to continually improve the PhonePe Platform.,48,,,,
phonepe_9,phonepe,"Personal and Sensitive Personal Information collected, as applicable, includes, but are not limited to:Â",14,,,,
phonepe_10,phonepe,"name, age, gender, photo, address, phone number, e-mail id, and any other details when you create an account with us, your contacts,Â  nominee details",24,,,,
phonepe_11,phonepe,"KYC-related information such as PAN, income details, your business-related information, videos or other online/ offline verification documents as mandated by relevant regulatory authorities.",23,,,,
phonepe_12,phonepe,"Aadhaar information including Aadhaar number or Virtual ID for the purposes of e-KYC authentication with the Unique Identification Authority of India (UIDAI). Note that submission of Aadhaar information is not mandatory and there are alternatives to submission of identity information (e.g., Voter ID, DL)",44,,,,
phonepe_14,phonepe,"balance including broker ledger balance or margins, transaction history and value, bank account details, wallet balance, investment details and transactions, income range, expense range, investment goals, service or transaction related communication, order details, service fulfilment details, part of your card details for smooth transaction using PhonePe or any of the services",51,,,,
phonepe_15,phonepe,"your device details such as device identifier, internet bandwidth, mobile device model, browser plug-ins, and cookies or similar technologies that may identify your browser/PhonePe Applications and plug-ins, and time spent, IP address and location",34,,,,
phonepe_16,phonepe,"your Short Messaging Service (SMS(es)) that are stored on your device for the purposes of, including but not limited to, registering you and your device for payments or investment services, OTPs for logins and payments, enhancing your security, bill payments and recharge reminders, and any other legitimate uses with your explicit consent",52,,,,
phonepe_17,phonepe,"your health and lifestyle-related information, including your physical activity, when you opt for health-tracking services",15,,,,
phonepe_18,phonepe,"video, photo, audio, and location, based on your explicit consent through your app permissions (camera, microphone, location) when you opt for a product whose core functionality can be delivered only after accessing your app permissions, or where access is as per regulatory requirements, e.g., video-based KYC, self-inspection of your vehicle, and onboarding",52,,,,
phonepe_19,phonepe,Information may be collected at various stages of your usage of the PhonePe Platform such as:,16,,,,
phonepe_21,phonepe,"creating your PhonePe user account. Your associated profile information, including but not limited to name, email id, other profile details as may be provided by you, will be common across PhonePe apps",32,,,,
phonepe_23,phonepe,"accessing links, e-mails, chat conversations, feedbacks, notifications sent or owned by PhonePe Platform and if you opt to participate in our occasional surveys",23,,,,
phonepe_25,phonepe,while applying for career opportunities with PhonePe or when onboarding with PhonePe for employment purposes,15,,,,
phonepe_26,phonepe,"We and our service providers or business partners may also collect your Personal Information from third parties or information made publicly available, as applicable, including but not limited to:",29,,,,
phonepe_27,phonepe,"financial history and other information for the purpose of providing you PhonePe services, verifying and authenticating an investment transaction request you place with us to prevent suspicious transactions, or to comply with court judgements and bankruptcies, from credit reference and fraud prevention agencies.Â",43,,,,
phonepe_28,phonepe,"your resume, your past employment and educational qualification for background checks and verifications, through online or offline databases that are otherwise legitimately obtained in case you apply for employment opportunities with PhonePe",32,,,,
phonepe_29,phonepe,"your demographic and photo information including but not limited to Aadhaar number, address, gender, and date of birth as a response received from UIDAI upon successful Aadhaar e-KYC",28,,,,
phonepe_30,phonepe,PhonePe may process your Personal Information for the following purposes:,10,,,,
phonepe_31,phonepe,creation of your account and verification of your identity and access privileges,12,,,,
phonepe_33,phonepe,"to conduct the KYC compliance process as a mandatory prerequisite as per the requirements of various regulatory bodies, including UIDAI under the Aadhaar Act and its Regulations",27,,,,
phonepe_34,phonepe,"to validate, process and/or share your KYC information, nominee details with other intermediaries, Regulated Entities (REs), non-banking financial companies, or AMCs, or financial institutions, or with any other service providers as may be required",34,,,,
phonepe_35,phonepe,"to process payments on your behalf and on your instructions; communicate with you for your queries, transactions, and/or any other regulatory requirement, etc.",23,,,,
phonepe_37,phonepe,to authenticate a transaction request; validate a standing instruction for a Systematic Investment Plan or confirm a payment made via the services,22,,,,
phonepe_39,phonepe,"simplifying and enabling your user journey, where applicable, using data we may have about you",15,,,,
phonepe_40,phonepe,"to monitor and review products/services from time to time; customize the services to make your experience safer and easier, and conducting audits",22,,,,
phonepe_41,phonepe,to allow third parties to contact you for products and services availed/requested by you on or via the PhonePe Platform or third-party links,23,,,,
phonepe_42,phonepe,"to carry out credit checks and risk analysis, screenings or due diligence checks as lawfully required by us and detect and protect us against error, fraud, money laundering and other criminal activityÂ",32,,,,
phonepe_44,phonepe,to resolve disputes; troubleshoot problems; technical support and fixing bugs; help promote a safe service,15,,,,
phonepe_46,phonepe,"to identify security breaches and attacks; investigating, preventing, and taking action on illegal or suspected fraud or money laundering activities and conducting forensic audits as part of internal or external audit or investigation by PhonePe or government agencies located within India or outside the Indian jurisdiction",46,,,,
phonepe_47,phonepe,"While we may also process your Personal Information for other legitimate business cases, we ensure to take appropriate steps to minimize the processing to the extent possible, making it less intrusive to your privacy.",34,,,,
phonepe_48,phonepe,"Please note that when providing you with account aggregator services, we do not store, use, process, or have access to any financial information that you choose to transmit under our services.",31,,,,
phonepe_49,phonepe,"We use data collection devices such as âcookiesâ or similar technologies on certain pages of the Platform to help analyse our web page flow, measure promotional effectiveness, and promote trust and safety.",32,,,,
phonepe_50,phonepe,âCookiesâ are small files placed on your device hard-drive/storage that assist us in providing our services.,16,,,,
phonepe_53,phonepe,We also use cookies to allow you to enter your password less frequently during a session.,16,,,,
phonepe_54,phonepe,Cookies or similar technologies can also help us provide information that is targeted to your interests.,16,,,,
phonepe_55,phonepe,"Most cookies are âsession cookies,â meaning that they are automatically deleted from your device hard-drive/storage at the end of a session.",21,,,,
phonepe_56,phonepe,"You are always free to decline/delete our cookies or similar technologies if your browser/device permits, although in that case you may not be able to use certain features on the Platform and you may be required to re-enter your password more frequently during a session.",45,,,,
phonepe_57,phonepe,"Additionally, you may encounter âcookiesâ or other similar technologies on certain pages of the Platform that are placed by third parties.",21,,,,
phonepe_58,phonepe,We do not control the use of cookies by third parties.,11,,,,
phonepe_59,phonepe,"Your Personal Information is shared as allowed under applicable laws, after following due diligence and in line with the purposes set out in this Policy.",25,,,,
phonepe_60,phonepe,"We may share your Personal Information with different categories of recipients such as business partners, service providers, sellers, logistic partners,Â  merchants, Wealthbasket curators,Â PhonePe entities/subsidiaries, legally recognized authorities, regulatory bodies, governmental authorities, financial institutions, credit bureaus, non-banking financial companies, internal teams such as marketing, security, investigation team, etc.Â  Â",49,,,,
phonepe_61,phonepe,"Personal Information will be shared, as applicable, on need-to-know basis, for the following purposes, including but not limited to:",19,,,,
phonepe_62,phonepe,"for enabling the provision of the products/services availed by you and facilitating the services between you and the service provider, business partners, sellers, logistic partners, as requested",27,,,,
phonepe_64,phonepe,for the Aadhaar authentication process by submitting Aadhaar information to Central Identities Data Repository (CIDR) and National Securities Depository Limited (NSDL),21,,,,
phonepe_65,phonepe,"for complying with applicable laws as well as meeting the Know Your Customer (KYC) requirements as mandated by various regulatory bodies, whose regulated service/product you opt through our services/Platforms",29,,,,
phonepe_66,phonepe,"for completing a payment transaction initiated by you on a merchant site, where based on your instructions, the merchant requests to fetch your Personal Information from us",27,,,,
phonepe_67,phonepe,for the purpose of processing your financial product subscription requests placed with us and ensuring that these requests reach the relevant financial institution whose service/product you have opted for,29,,,,
phonepe_69,phonepe,"under contract who assist us with our business operations, includingÂ enabling your KYC process, eligibility checks, collection services, and storage of such information, as required by our lending partners",29,,,,
phonepe_71,phonepe,"for services related to communication, marketing, data and information storage, transmission, security, analytics, fraud detection, risk assessment and research",19,,,,
phonepe_73,phonepe,"respond to claims that an advertisement, posting, or other content violates the rights of a third party; or protect the rights, property or personal safety of our users or the general public",32,,,,
phonepe_74,phonepe,"if required to do so by law or in good faith where we believe that such disclosure is reasonably necessary to respond to subpoenas, court orders, or other legal process",30,,,,
phonepe_77,phonepe,with the internal investigation department within PhonePe or agencies appointed by PhonePe for investigation purposes located within or outside the Indian jurisdiction,22,,,,
phonepe_79,phonepe,"While the information is shared with third parties as per purposes set out in this Policy, processing of your Personal Information is governed by their policies.",26,,,,
phonepe_80,phonepe,"PhonePe ensures stricter or no less stringent privacy protection obligations are cast on these third-parties, wherever applicable and to the extent possible.",22,,,,
phonepe_81,phonepe,"However, PhonePe may share Personal Information with third-parties such as legally recognized authorities, regulatory bodies, governmental authorities, and financial institutions as per purposes set out in this Policy or as per applicable laws.",33,,,,
phonepe_82,phonepe,We do not accept any responsibility or liability for usage of your Personal Information by these third parties or their policies.,21,,,,
phonepe_83,phonepe,"To the extent applicable, we store Personal Information within India and retain it in accordance with applicable laws and for a period no longer than it is required for the purpose for which it was collected.",36,,,,
phonepe_84,phonepe,"However, we may retain Personal Information related to you if we believe it may be necessary to prevent fraud or future abuse or if required by law such as in the event of the pendency of any legal/regulatory proceeding or receipt of any legal and/or regulatory direction to that effect or for other legitimate purposes.",55,,,,
phonepe_85,phonepe,"Once the Personal Information has reached its retention period, it shall be deleted in compliance with applicable laws.",18,,,,
phonepe_86,phonepe,"PhonePe has deployed administrative, technical, and physical security measures to safeguard userâs Personal Information and Sensitive Personal Information.",18,,,,
phonepe_87,phonepe,"Specifically, in order to safeguard your Aadhaar information, we have implemented applicable security controls as given under and required by the Aadhaar Regulations.",23,,,,
phonepe_88,phonepe,"We understand that as effective as our security measures are, no security system is impenetrable.",15,,,,
phonepe_89,phonepe,"Hence, as part of our reasonable security practices, we undergo strict internal and external reviews to ensure appropriate information security encryption or controls are placed for both data in motion and data at rest within our network and servers respectively.",40,,,,
phonepe_90,phonepe,The database is stored on servers secured behind a firewall; access to the servers is password-protected and is strictly limited.,20,,,,
phonepe_91,phonepe,"Further, you are responsible for maintaining the confidentiality and security of your login id and password. Please do not share your PhonePe login, password, and OTP details with anybody. It shall be your responsibility to intimate us in case of any actual or suspected compromise to your Personal Information.",49,,,,
phonepe_92,phonepe,We have provided multiple levels of security to safeguard the PhonePe Application by login/logout option and PhonePe Application lock feature (âEnable Screen Lockâ) that can be enabled by you. We have preventive controls implemented to ensure you use PhonePe Application on your device and the same login credentials cannot be used on different device without any additional authentication/OTP.,58,,,,
phonepe_93,phonepe,"When you are availing products and services of service providers on PhonePe Platform, Personal Information may be collected by respective service providers and such Personal Information shall be governed by their privacy policy. You may refer to their privacy policy and terms of service to understand how your Personal Information will be handled by such service providers.",57,,,,
phonepe_94,phonepe,Our services may include links to other websites or applications when you visit our Platform.,15,,,,
phonepe_95,phonepe,"Such websites or applications are governed by their respective privacy policies, which are beyond our control.",16,,,,
phonepe_96,phonepe,"Once you leave our servers (you can tell where you are by checking the URL in the location bar on your browser or on the m-site you are redirected to), use of any Personal Information that you provide on these websites or applications is governed by the privacy policy of the operator of the application/website, you are visiting.",58,,,,
phonepe_97,phonepe,That policy may differ from ours and you are requested to review those policies or seek access to the policies from the domain owner before proceeding to use those applications or websites.,32,,,,
phonepe_99,phonepe,"By using the PhonePe Platform or services and/or by providing your Personal Information, you consent to the processing of your Personal Information by PhonePe in accordance with this Privacy Policy.",30,,,,
phonepe_100,phonepe,"If you disclose to us any Personal Information relating to other people, you represent that you have the authority to do so and permit us to use the information in accordance with this Privacy Policy.",35,,,,
phonepe_101,phonepe,"Further, you agree and authorize PhonePe to communicate with you via channels like Phone calls and E-mail for the purposes set out in this policy, irrespective of your registration with any authorized DND registries.",34,,,,
phonepe_102,phonepe,"We provide all users with the opportunity to opt-out of receiving any of our services or non-essential (promotional, marketing-related) communications from us, after setting up an account. If you want to remove your contact information from all our lists and newsletters or discontinue any of our services, please click on the unsubscribe button on the emailers.",56,,,,
phonepe_103,phonepe,In case you receive a call for any specific PhonePe product/service you may opt-out from such calls by informing PhonePeâs representative during the call.,24,,,,
phonepe_104,phonepe,You can access and review your Personal Information shared by you by placing a request with us.,17,,,,
phonepe_105,phonepe,"In addition, you may at any time revoke consent given to us to store your e-KYC information, collected as part of the Aadhaar-based e-KYC process.",25,,,,
phonepe_106,phonepe,"Upon such revocation, you may lose access to services that were availed on the basis of the consent provided.",19,,,,
phonepe_107,phonepe,"In some cases, we may continue to retain your information as per the âStorage and Retentionâ section of this Policy.",20,,,,
phonepe_108,phonepe,"To raise any of the above requests, you may write to us using the contact information provided under the âContact Usâ section of this Policy.",25,,,,
phonepe_109,phonepe,"In case you wish to delete your account or Personal Information, please use the âHelpâ section of the PhonePe Platform. However, retention of your Personal Information will be subject to applicable laws.",32,,,,
phonepe_110,phonepe,"For the above requests, PhonePe may need to request specific information from you to confirm your identity and ensure authentication. This is a security measure to ensure that Personal Information is not disclosed to any person who does not have a right to receive it or is not incorrectly modified or deleted.",52,,,,
phonepe_111,phonepe,"In cases where you need any further information specific to the product/ services that you are availing, we request you to read through the Terms and Conditions specific to the product/service which is easily accessible through the PhonePe Platform. For seeking any further information on the same, you can write to us at the details mentioned in the âContact Usâ section of this Policy.",64,,,,
phonepe_112,phonepe,"We do not knowingly solicit or collect Personal Information from children under the age of 18 and use of our Platform is available only to persons who can form a legally binding contract under the Indian Contract Act, 1872. If you are under the age of 18 years then you must use the Platform or services under the supervision of your parent, legal guardian, or any responsible adult.",68,,,,
phonepe_114,phonepe,"We reserve the right, at our sole discretion, to change, modify, add, or remove portions of this Privacy Policy at any time without any prior written notice to you.",29,,,,
phonepe_115,phonepe,"We may, however, reasonably endeavour to notify you of the changes, it is your responsibility to review the Privacy Policy periodically for updates/changes.",23,,,,
phonepe_116,phonepe,"Your continued use of our services/Platform, following the posting of changes will mean that you accept and agree to the revisions.",21,,,,
phonepe_117,phonepe,We will never make changes to policies in order to make it less protective of Personal Information already shared by you.,21,,,,
phonepe_118,phonepe,"In case you have any questions, concerns, or complaints regarding the processing of your Personal Information or this Privacy Policy you may write to PhonePeâs Privacy Officer using this linkÂ",30,,,,
meesho_0,meesho,"Access Denied
You don't have permission to access "" on this server.",12,,,,
bigbasket_0,bigbasket,Innovative Retail Concepts Private Limited (“IRCPL” or “we”) takes the privacy of your information seriously.,15,,,,
bigbasket_1,bigbasket,"This privacy notice (“Privacy Notice”) describes the types of personal information we collect from you, through our stores, other premises, website (including sub-domains and microsites) mobile applications, or other means.",30,,,,
bigbasket_2,bigbasket,"It describes the purposes for which we collect that personal information, the other parties with whom we may share it, and the measures we take to try and protect it.",30,,,,
bigbasket_3,bigbasket,"It also tells you about some of your rights and choices with respect to your personal information, and how you can contact us about our privacy practices.",27,,,,
bigbasket_4,bigbasket,You are advised to carefully read this Privacy Notice before using or availing any of our products and/or services. By doing so you are consenting to the collection and processing of your Data (including SPDI) in accordance with the practices and policies outlined in this Privacy Notice.,47,,,,
bigbasket_5,bigbasket,"Our products and services are targeted at users in India, and this Privacy Notice is intended to comply with the laws of India.",23,,,,
bigbasket_6,bigbasket,"If you are accessing or using the website or mobile application from an overseas location, you are requested to independently validate the impact of any applicable local laws.",28,,,,
bigbasket_7,bigbasket,"If you do not agree with this Privacy Notice at any time, in part or as a whole, write to our Grievance Office at the address specified below.",28,,,,
bigbasket_9,bigbasket,a small file placed on your device by our website or mobile application when you either visit or use certain features of our website or mobile application. A cookie generally allows a website to remember your actions or preference for a certain period of time.,45,,,,
bigbasket_10,bigbasket,"means personal information and SPDI about you, which either directly or indirectly in combination with other information, could allow you to be identified when you visit our [stores, website and/or mobile application].",32,,,,
bigbasket_11,bigbasket,"any applicable law for the time being in force relating to the processing of Data, including the Information Technology Act, 2000 and Information Technology (Reasonable Security Practices and Procedures and Sensitive Personal Information) Rules, 2011, as amended or replaced from time to time.",43,,,,
bigbasket_13,bigbasket,"includes entities to whom we, or other Tata Group Entities, will disclose your Data in order for them to process it for the purpose of providing services to us pursuant to written contract.",33,,,,
bigbasket_14,bigbasket,"the Data Protection Laws define sensitive personal data or information of a person as personal information about that person relating to (a) passwords; (b) financial information such as bank account credit and debit card details or other payment instrument details; (c) physical, physiological and mental health condition; (d) sexual orientation; (e) medical records and history; or (f) biometric information.",59,,,,
bigbasket_16,bigbasket,"Tata Sons Private Limited, and its subsidiaries, affiliates, associate companies and joint venture companies with whom we have a contractual arrangement to, inter alia, share data for the purposes described in this Privacy Notice.",34,,,,
bigbasket_17,bigbasket,"the natural person who accesses our stores, website or mobile application.",11,,,,
bigbasket_18,bigbasket,"IRCPL collects Data for various purposes set out in this Privacy Notice. This Data includes, without limitation, the following categories 1 :",22,,,,
bigbasket_20,bigbasket,"Financial information: payment instrument information, transactions, transaction history, preferences, method, mode and manner of payment, spending pattern or trends, and other similar data.",23,,,,
bigbasket_21,bigbasket,"Technical information: website, device and mobile app usage, Internet Protocol (IP) address and similar information collected via automated means, such as cookies, pixels and similar technologies.",26,,,,
bigbasket_22,bigbasket,"Transaction information: the date of the transaction, total amount, transaction history and preferences and related details.",16,,,,
bigbasket_23,bigbasket,"Product and service information: Your account membership number, registration and payment information, and program-specific information, when you request products and/or services directly from us, or participate in marketing programs.",29,,,,
bigbasket_24,bigbasket,"Personal information: Age, sex, date of birth, marital status, nationality, details of government identification documents provided, occupation, ethnicity, religion, travel history, or any other personal information provided in responses to surveys or questionnaires.",33,,,,
bigbasket_25,bigbasket,"Your reviews, feedback and opinions about our products, programmes and services.",11,,,,
bigbasket_26,bigbasket,"Loyalty programme information: your loyalty membership information, account details, profile or password details and any frequent flyer or travel partner programme affiliation.",22,,,,
bigbasket_27,bigbasket,"Payment instrument information – through our application pages , you may choose a 3 rd payment service provider of your choice for making payment and may agree to store your payment instrument details with the chosen service provider/s. The payment instrument data is managed by service provider/s.",47,,,,
bigbasket_29,bigbasket,"We receive and store any information you enter on our website or mobile application or give us in any other way (e.g., at outlets, stores, hotels, kiosks). Please see the section titled “Data Shared by You” for more information.",39,,,,
bigbasket_30,bigbasket,"We use “cookies”, pixels and similar technologies to receive and store certain types of information whenever you interact with us. Please see the section below, titled “Data that is Collected Automatically” for more information.",34,,,,
bigbasket_31,bigbasket,"To help us make e-mails more relevant and interesting, we often receive a confirmation (if your device supports such capabilities) when you open e-mail from us or click on a link in the e-mail. You can choose not to receive marketing emails from us by clicking on the unsubscribe link in any marketing email.",54,,,,
bigbasket_33,bigbasket,"We receive and store certain types of information when you interact with third-party websites that use our technology or with whom we have a specific agreement. Because we process this information on behalf of the applicable website operators, collection, processing, and use of such information is subject to the applicable website operators’ privacy policies and is not covered by our Privacy Notice.",62,,,,
bigbasket_34,bigbasket,"We may obtain information from other sources. An example of this is when you authorize a third-party website (such as the website of another Tata Group Entity), to interact directly with our website or mobile application to provide or receive Data about you. In that case, we might",48,,,,
bigbasket_36,bigbasket,"Where you have shared any information previously with any of the Tata Group Entities and have consented to the further sharing of such information, such information will be shared with us by the Tata Group Entities.",36,,,,
bigbasket_37,bigbasket,"You can make choices about our collection and use of your Data. For example, you may want to access, edit or remove your Data on our website or mobile application. When you are asked to provide Data, you may decline, however, in such a case, you may not be able to avail benefit of some of our products, programmes or services or access our stores or physical premises.",68,,,,
bigbasket_38,bigbasket,"IRCPL may collect your Data in several ways from your use of our stores, website or mobile application. For instance:",20,,,,
bigbasket_39,bigbasket,when you register with us to receive our products and/or services;,11,,,,
bigbasket_40,bigbasket,"when you conduct a transaction with us or attempt a transaction at our stores, on our website or mobile application;",20,,,,
bigbasket_43,bigbasket,"from the information gathered by your visit to our stores, website or mobile application; or",15,,,,
bigbasket_44,bigbasket,"by way of correlation or inferences from information sourced from sources, which have collected or processed this data based on your consent.",22,,,,
bigbasket_45,bigbasket,We automatically collect some information when you visit our website or use our mobile application. This information helps us to make improvements to our content and navigation. The information collected automatically includes your IP address.,35,,,,
bigbasket_46,bigbasket,"Our web servers or affiliates who provide analytics and performance enhancement services collect IP addresses, operating system details, browsing details, device details and language settings.",25,,,,
bigbasket_47,bigbasket,"This information is aggregated to measure the number of visits, average time spent on the site, pages viewed and similar information.",21,,,,
bigbasket_48,bigbasket,"Tata X uses this information to measure the site usage, improve content and to ensure safety and security, as well enhance performance of our website or mobile application.",28,,,,
bigbasket_49,bigbasket,"We may collect your Data automatically via Cookies, pixels and similar technologies in line with settings on your browser. For more information about Cookies, please see the section below, titled",30,,,,
bigbasket_50,bigbasket,"Any or all the above Data may be required by us from time to time to provide information relating to IRCPL and to work on the experience when using our website or mobile application. Specifically, Data may be used by us for the following reasons:",45,,,,
bigbasket_57,bigbasket,"operate, evaluate and improve our business (including for administration and management related purposes), website and mobile application;",17,,,,
bigbasket_58,bigbasket,"generate aggregated data to prepare insights to enable us to understand customer behaviour, patterns and trends with a view to learning more about your preferences or other characteristics;",28,,,,
bigbasket_59,bigbasket,"provide privileges and benefits to you, marketing and promotional campaigns based on your profile;",14,,,,
bigbasket_61,bigbasket,"communicate with you (including to respond to your requests, questions, feedback, claims or disputes) and to customize and improve our services;",21,,,,
bigbasket_62,bigbasket,"protect against and prevent fraud, illegal activity, harm, financial loss and other legal or information security risks; and",18,,,,
bigbasket_63,bigbasket,"serve other purposes for which we provide specific notice at the time of collection, and as otherwise authorized or required by applicable law.",23,,,,
bigbasket_64,bigbasket,"We treat these inferences as personal information (or SPDI, as the case may be), where required under applicable law.",19,,,,
bigbasket_65,bigbasket,Some of the above grounds for processing will overlap and there may be several grounds which justify our use of your personal information.,23,,,,
bigbasket_66,bigbasket,"Where required under applicable law, we will only use your personal information with your consent; as necessary to provide you with products and/or services; or for such other purpose as is permissible under applicable law We may make broader use of anonymized personal information from which individuals cannot be identified.",50,,,,
bigbasket_68,bigbasket,"If you are under 18, you may use our website or mobile application only with the consent of a parent or your guardian.",23,,,,
bigbasket_69,bigbasket,"In the event that we learn that we have collected personal information from a minor without verification of parental consent, we will delete that information at the earliest.",28,,,,
bigbasket_70,bigbasket,"If you believe that we might have any such information, please contact the Grievance Officer.",15,,,,
bigbasket_72,bigbasket,"We may make available to you services, products, or applications provided by Partners for use on or through our website or mobile application. If you choose to use such service, customer information related to those transactions may be shared with such Partner.",42,,,,
bigbasket_73,bigbasket,Such Partners will be required to respect the security of your Data and to treat it in accordance with this privacy policy and applicable law,25,,,,
bigbasket_74,bigbasket,"We may make available to you products, services and /or applications of Tata Group Entities, to assist them to reach out to you in relation to their programs or campaigns and to process your queries and requests.",37,,,,
bigbasket_75,bigbasket,"Accordingly, we may share your Data with Tata Group Entities.",10,,,,
bigbasket_76,bigbasket,"We may also share your Data with the Tata Group Entities as is relevant for the purposes set out in Clause 7 above, and to facilitate the operation of our business.",31,,,,
bigbasket_78,bigbasket,"We or other Tata Group Entities may share your Data with Service Providers. Examples include storing and analyzing Data, protecting and securing our systems, providing search results and links, providing customer service, credit analysis, processing your information for profiling, user analysis and payment processing.",44,,,,
bigbasket_79,bigbasket,These Service Providers will be required to only process Data in accordance with express instructions and as necessary to perform services for purposes set forth in this Privacy Notice. The Service Providers will also be required to safeguard the security and confidentiality of the Data they process by implementing appropriate technical and organizational security measures and confidentiality obligations binding employees accessing Data.,62,,,,
bigbasket_81,bigbasket,We may process and share your Data with Tata Group Entities and Partners when we act as a service provider to such Tata Group Entities and Partners.,27,,,,
bigbasket_82,bigbasket,"As we continue to develop our business, we might sell or buy subsidiaries or business units. Your Data (including in relation to loyalty programs) may be transferred as part of such transaction or in the course of exploratory activities related thereto, including due diligence and audit exercises. The relevant transferee may thereafter make use of Data in accordance with then applicable Law.",62,,,,
bigbasket_83,bigbasket,We may also share your Data with other third parties where:,11,,,,
bigbasket_85,bigbasket,We need to comply with applicable law or respond to valid legal process; or,14,,,,
bigbasket_86,bigbasket,"We need to operate and maintain the security of our website or mobile application, including to prevent or stop an attack on our computer systems or networks.",27,,,,
bigbasket_87,bigbasket,"We require these third parties by contract to only process sensitive personal data in accordance with our instructions and as necessary to perform services on our behalf or in compliance with applicable law. We also require them to safeguard the security and confidentiality of the sensitive personal data they process on our behalf by implementing appropriate confidentiality, technical and organizational security measures.",62,,,,
bigbasket_88,bigbasket,Please note that Tata Group Entities and Partners may have privacy practices that differ from those of IRCPL. The use of your Data will be governed by their privacy statements when you provide Data on their websites.,37,,,,
bigbasket_90,bigbasket,"IRCPL retains Data for as long as necessary for the use of our products and/or services or to provide access to and use of our website or mobile application, or for reasonable purposes such as complying with our legal obligations, resolving disputes, enforcing our agreements or as otherwise stated in this Privacy Notice, and for such periods or purposes as are permitted under applicable law,.",65,,,,
bigbasket_91,bigbasket,"Because these needs can vary for different data types and purposes, actual retention periods can vary significantly.",17,,,,
bigbasket_92,bigbasket,"Even if we delete your Data, including on account of exercise of your right under Clause 12 below, it may, subject to applicable law, persist on backup or archival media for audit, legal, tax or regulatory purposes.",37,,,,
bigbasket_93,bigbasket,"When we process Data about you, we do so with your consent and/or as necessary to operate our business, meet our contractual and legal obligations, protect the security of our systems and our customers, or fulfil other legitimate interests of IRCPL as described in this Privacy Notice.",47,,,,
bigbasket_94,bigbasket,"We may transfer Data we collect about you to recipients in India, where we are headquartered.",16,,,,
bigbasket_95,bigbasket,India may not have the same Data Protection Laws as the country in which you initially provided the information.,19,,,,
bigbasket_96,bigbasket,"When we transfer your Data to India, we will protect that information as described in this Privacy Notice, as disclosed to you at the time of data collection or as described in our program-specific privacy notice.",36,,,,
bigbasket_97,bigbasket,"Depending on which Data Protection Laws are applicable to you, you may have the right or choice to:",18,,,,
bigbasket_98,bigbasket,"opt out of some collection or uses of your Data, including the use of cookies, pixels and similar technologies and the use of your Data for marketing purposes.",28,,,,
bigbasket_99,bigbasket,"access your Data, rectify it, restrict or object to its processing, or request its deletion or anonymization.",17,,,,
bigbasket_101,bigbasket,receive the Data you provided to us to transmit it to another company.,13,,,,
bigbasket_104,bigbasket,"You may submit a request as described in the “How to Contact Us” section below. We will not charge you for any request. Where we are legally permitted to do so, we may refuse your request.  If we refuse your request, we will tell you the reasons why.",48,,,,
bigbasket_105,bigbasket,"Below, you will find additional privacy information that you may find important. Data Protection Laws, depending on your country, may include the following rights in relation to your Data:",29,,,,
bigbasket_106,bigbasket,Right to Confirmation and Access - the right to confirm our methods of processing and request,16,,,,
bigbasket_107,bigbasket,"copies of the information we hold about you at any time, or",12,,,,
bigbasket_109,bigbasket,Right to Correction - the right to have your Data rectified if it is inaccurate or incomplete.,17,,,,
bigbasket_110,bigbasket,Right to be Forgotten - the right to request that we delete or remove your Data from our systems.,19,,,,
bigbasket_111,bigbasket,Right to Restrict / Object to Our Use of your Data - the right to limit the way in which we can use it.,24,,,,
bigbasket_112,bigbasket,"Right to Data Portability - the right to request that we move, copy or transfer your Data.",17,,,,
bigbasket_113,bigbasket,Right to Withdraw Consent – the right to withdraw your consent provided earlier.,13,,,,
bigbasket_114,bigbasket,Right to File Complaints – the right to raise complaints to a regulatory authority.,14,,,,
bigbasket_115,bigbasket,"For information about managing your Data and promotional communications, please e-mail us at [email]",14,,,,
bigbasket_116,bigbasket,It is important that the Data we hold about you is accurate and current. Please keep us informed if your personal information changes during the period for which we hold it.,31,,,,
bigbasket_117,bigbasket,"Data collected under this Privacy Notice is hosted on servers located in India. Subject to applicable law, we may at our sole discretion, transfer Data, including SPDI to any other third party that agrees to ensure the same level of data protection as is provided by us under the terms hereof, located outside India. You hereby consent to the storage and processing of Data, including SPDI in locations outside India.",70,,,,
bigbasket_118,bigbasket,We take steps to ensure that the Data we collect under this Privacy Notice is processed according to the provisions of this Privacy Notice and the requirements of applicable law.,30,,,,
bigbasket_119,bigbasket,"To ensure that your Data receives an adequate level of protection, we have put in place appropriate written contracts with Tata Group Entities, Partners and Service Providers that we share your Data with. This ensures your Data is treated by such parties in a way that is consistent with applicable law.",51,,,,
bigbasket_120,bigbasket,IRCPL implements standard measures to protect against unauthorized access to and unlawful interception of Data.,15,,,,
bigbasket_122,bigbasket,"IRCPL endeavors to take all measures to protect the security, integrity and confidentiality of the Data against unauthorized breach and hacking.",21,,,,
bigbasket_123,bigbasket,"For the purpose of checking possible vulnerabilities and attacks, IRCPL may conduct periodical internal review of data and security measures.",20,,,,
bigbasket_124,bigbasket,"However, the internet is not absolutely a secure environment, and we cannot ensure or warrant 100% security.",17,,,,
bigbasket_125,bigbasket,"If you are provided with any identification code, password or any other piece of information as part of the security procedure adopted by us, you should treat such information as confidential and not disclose it to any third party including to other users. You are solely responsible for the activities that occur under your account including the confidentiality of your password and IRCPL is not responsible for the same.",69,,,,
bigbasket_126,bigbasket,"Notwithstanding anything contained in this Policy or elsewhere, IRCPL shall not be held responsible for any loss, damage or misuse of the Data, if such loss, damage or misuse is attributable to a Force Majeure Event.",36,,,,
bigbasket_127,bigbasket,"A ""Force Majeure Event"" means any event that is beyond the reasonable control of IRCPL and includes, without limitation, fire, flood, explosion, acts of God, civil commotion, strikes, lock outs or industrial action of any kind, riots, insurrection, war, acts of government, power failure, sabotage, computer hacking, unauthorised access to computer data and storage device, system failure, virus, attacks, bugs, computer crashes, breach of security and encryption.",67,,,,
bigbasket_128,bigbasket,"If any court or competent authority finds that any provision of this Privacy Notice (or part of any provision) is invalid, illegal or unenforceable, that provision or part-provision will, to the extent required, be deemed to be deleted, and the validity and enforceability of the other provisions of this Privacy Notice will not be affected.",55,,,,
bigbasket_129,bigbasket,Our business changes constantly and our Privacy Notice will change also.,11,,,,
bigbasket_130,bigbasket,"We may e-mail periodic reminders of our notices and conditions, unless you have instructed us not to, but you should check our website and mobile application frequently to see recent changes The updated version will be effective as soon as it is accessible.",43,,,,
bigbasket_131,bigbasket,Any changes will be immediately posted on our website and mobile application and you are deemed to have accepted the terms of the updated Privacy Notice on your first use of our website or mobile application or first purchase of the products and/or services following the alterations.,47,,,,
bigbasket_132,bigbasket,We encourage you to review this Privacy Notice frequently to be informed of how we are protecting your information.,19,,,,
bigbasket_133,bigbasket,"Your continued access to our stores, physical premises, website or mobile application, following any such amendments to the Privacy Notice, will be deemed as an implicit acceptance of the Privacy Notice in its amended form.",35,,,,
bigbasket_134,bigbasket,"To request to review, update, or delete your personal information or to otherwise reach us, please submit a request by e-mailing us at [email] You may contact us for information on Service Providers, Partners and Tata Group Entities with whom we may share your Data in compliance with this Privacy Notice and applicable law. We will respond to your request within 30 days.",63,,,,
bigbasket_135,bigbasket,For information about management of your Data please reach out to us at,13,,,,
razorpay_1,razorpay,We’re updating our Privacy Policy to explain how we collect and use data (during AI interaction / MCP Connector) as we work to improve the Razorpay experience.,27,,,,
razorpay_3,razorpay,Section 2 - Updated to reflect Information Collection for data sharing via AI platforms,14,,,,
razorpay_4,razorpay,Section 4a - Added a section covering use of Razorpay Services Through External AI Assistants,15,,,,
razorpay_5,razorpay,"Section 12 - Clarify how changes to the policy are communicated and become effective, in line with applicable data privacy laws.",21,,,,
razorpay_6,razorpay,"The terms ""we,"" ""our,"" and ""us"" refer to Razorpay, and the terms ""you,"" ""your,"" and ""User"" refer to you as a user of Razorpay. The term ""Personal Information"" means information that you provide to us that personally identifies you, such as your name, phone number, email address, and any other data linked to such information.",55,,,,
razorpay_7,razorpay,Our practices and procedures regarding the collection and use of Personal Information are outlined below to ensure the safe use of the Website.,23,,,,
razorpay_8,razorpay,We have implemented reasonable security practices and procedures appropriate to the nature of the information and our business.,18,,,,
razorpay_9,razorpay,"While we strive to provide security that exceeds industry standards, due to the inherent vulnerabilities of the internet, we cannot guarantee complete security of all information transmitted to us by you.",31,,,,
razorpay_10,razorpay,"By visiting or using the Website, you agree to be bound by this Privacy Policy and consent to the collection, use, processing, and sharing of your Personal Information as described below.",31,,,,
razorpay_11,razorpay,"If you do not agree with these terms, please do not use the Website.",14,,,,
razorpay_12,razorpay,Please note that the separately provided Terms and Conditions form an integral part of your use of this Website and should be read in conjunction with this Privacy Policy,29,,,,
razorpay_15,razorpay,"If you provide your third-party account credentials (""Third Party Account Information"") to us, you understand that, upon your authorization, certain content and information from those accounts may be transmitted to your Razorpay account.",33,,,,
razorpay_16,razorpay,Any Third Party Account Information transmitted to us will be covered by this Privacy Policy.,15,,,,
razorpay_17,razorpay,"You may choose not to provide certain information; however, this may prevent you from registering with us or using some of our features and services.",25,,,,
razorpay_18,razorpay,"We will limit the collection of Personal Information to what is necessary to fulfill the purposes identified below. If we use or plan to use your information for a purpose different from the one for which it was collected, we will request your consent beforehand.",45,,,,
razorpay_20,razorpay,"If you choose to access Razorpay through an external AI platform using an MCP connector, Razorpay will only process the information necessary to execute the specific action or request you initiate through that platform. Logs are retained for a period of 12 months unless or otherwise stated by law.",49,,,,
razorpay_22,razorpay,"We may collect and store your Sensitive Personal Data or Information—such as financial information, including credit card details, debit card details, bank account information, and Know Your Customer (""KYC"") documents as required by RBI regulations—as well as any other applicable information that you choose to save in your Razorpay account.",50,,,,
razorpay_23,razorpay,"We use your email address to send you updates, news, and newsletters (if you willingly subscribe during or after signup), and to contact you on behalf of other users for example, when someone sends you a friend request, personal message, or participates in a social collaboration event.",47,,,,
razorpay_24,razorpay,"If you do not wish to receive communications unrelated to your use of our services, you can unsubscribe by clicking the link provided at the bottom of any email from us.",31,,,,
razorpay_27,razorpay,Razorpay assures you that your Personal Information will not be disclosed publicly or sold to any third party.,18,,,,
razorpay_28,razorpay,"You have the option to erase any information you have provided, including your Personal Information. If you choose to erase your data, Razorpay will delete all your stored information from its servers.",32,,,,
razorpay_29,razorpay,"We also store customer information, such as an address, mobile number, third-party wallet details, card details, and email addresses when payments are made through Razorpay checkouts. We share this information with the respective businesses only if the customer consents to sharing it during transactions on Razorpay-powered applications.",47,,,,
razorpay_30,razorpay,"However, Razorpay is not liable for any misuse of this information by the businesses or their affiliates with whom the customer has shared their data.",25,,,,
razorpay_31,razorpay,Section 4(a) - Use of Razorpay Services Through External AI Assistants (MCP Connectors),13,,,,
razorpay_32,razorpay,"Razorpay provides optional integrations that allow Users to access certain Razorpay services through third-party AI assistants and LLM platforms (e.g., ChatGPT, Claude etc) (‘AI Integrations’). These integrations are completely optional and are activated solely at your discretion.",37,,,,
razorpay_33,razorpay,"When you choose to use an AI Integration, the third-party AI platform may send certain instructions, queries, or data that you choose to submit through that platform to Razorpay’s MCP server in order to fulfill your request. Razorpay processes such data only for the purpose of executing the requested operation, monitoring and debugging.",53,,,,
razorpay_34,razorpay,Razorpay does not share any User or Merchant information with an AI platform except for data requested by Users or Merchants. Any data a User submits to an AI platform is governed solely by that platform’s own privacy policy. Razorpay is not responsible for the privacy practices of any third-party AI provider.,52,,,,
razorpay_35,razorpay,"By choosing to enable or interact with an AI Integration, you acknowledge that the content you submit to the external AI platform may be processed by that platform according to its policies before being transmitted to Razorpay.",37,,,,
razorpay_36,razorpay,"We record information relating to your use of Razorpay, such as the searches you undertake, the pages you view, your browser type, IP address, location, requested URL, referring URL, and timestamp information.",32,,,,
razorpay_37,razorpay,We use this information to administer Razorpay and provide the highest possible level of security and service to you.,19,,,,
razorpay_38,razorpay,"We also use this data in aggregate to perform statistical analyses of user behavior and characteristics, in order to measure interest in and usage of various areas of Razorpay.",29,,,,
razorpay_43,razorpay,"Nothing contained on this Website or in its content should be construed as granting, in any way, any license, right, or interest to you in Our IP, without our express written permission.",32,,,,
razorpay_44,razorpay,We send cookies to your device to uniquely identify your device and browser and improve the quality of our service.,20,,,,
razorpay_45,razorpay,"The term ""cookies"" refers to small pieces of information that a website sends to your device while you are viewing the site.",22,,,,
razorpay_46,razorpay,We may use both session cookies (which expire once you close your browser) and persistent cookies (which remain on your device until you delete them).,25,,,,
razorpay_47,razorpay,You can remove persistent cookies by following the instructions in your browser’s help files.,14,,,,
razorpay_48,razorpay,"If you choose to disable cookies, some areas of Razorpay may not work properly or at all.",17,,,,
razorpay_49,razorpay,"Razorpay uses third-party tools that may collect anonymous information about your visits to Razorpay, including your interactions with Razorpay products and services, via cookies.",24,,,,
razorpay_50,razorpay,These third parties may also use information about your visits to Razorpay and other websites to target advertisements for Razorpay's products and services.,23,,,,
razorpay_51,razorpay,No Personal Information is collected or used in this process.,10,,,,
razorpay_52,razorpay,"These third parties do not have access to your name, phone number, address, email address, or any Personal Information about Razorpay users.",22,,,,
razorpay_53,razorpay,Razorpay users can opt out of sharing this information with third parties by disabling or blocking cookies; the process varies by browser. Please refer to your browser’s help files to learn how to disable cookies.,35,,,,
razorpay_54,razorpay,"We may use the information we collect, in connection with your use of Razorpay (including your Personal Information), to investigate, enforce, and apply our Terms and Conditions and Privacy Policy.",30,,,,
razorpay_55,razorpay,"We do not share your Personal Information with any third party, except for financial institutions such as banks, the RBI, or other regulatory agencies, as required.",26,,,,
razorpay_57,razorpay,These third parties are required to use your Personal Information only to provide the services you request.,17,,,,
razorpay_58,razorpay,"We may share your Personal Information with our parent company, subsidiaries, joint ventures, or other companies under common control (collectively, the ""Affiliates"") that we may have now or in the future.",31,,,,
razorpay_59,razorpay,"In such cases, we will require them to honor this Privacy Policy.",12,,,,
razorpay_60,razorpay,"If another company acquires our company or its assets, that company will possess your Personal Information and assume the rights and obligations concerning that information as described in this Privacy Policy.",31,,,,
razorpay_61,razorpay,"We may disclose your Personal Information to third parties when we have a good faith belief that such disclosure is reasonably necessary to: (a) take action regarding suspected illegal activities; (b) enforce or apply our Terms and Conditions and Privacy Policy; (c) comply with legal processes such as search warrants, subpoenas, statutes, or court orders; or (d) protect our rights, reputation, and property, or those of our users, Affiliates, or the public.",72,,,,
razorpay_63,razorpay,"We may disclose aggregate information relating to user behavior to third parties in connection with actual or prospective business relationships, such as advertisers and content distributors. For example, we may disclose the number of users who have been exposed to or clicked on advertising banners.",45,,,,
razorpay_64,razorpay,"References on this Website to any names, marks, products, or services of third parties, or hyperlinks to third-party websites or information, are provided solely for your convenience.",27,,,,
razorpay_65,razorpay,"They do not constitute or imply our endorsement, sponsorship, or recommendation of any third party, information, product, or service.",19,,,,
razorpay_66,razorpay,"Except as set forth herein, we do not share your Personal Information with these third parties and are not responsible for their privacy practices.",24,,,,
razorpay_67,razorpay,We recommend that you read the privacy policies of all such third-party websites,13,,,,
razorpay_68,razorpay,"This includes any optional AI assistants or platform connectors you choose to use (e.g., Claude MCP Connector), which remain governed by the respective third-party provider’s privacy terms.",27,,,,
razorpay_69,razorpay,We will not transfer personal data to any country prohibited by Government notification.,13,,,,
razorpay_71,razorpay,"As a registered Razorpay user, you can modify certain Personal Information and adjust your privacy preferences by accessing the ""Account"" section of this Website.",24,,,,
razorpay_72,razorpay,"Your account is password-protected. We use industry-standard measures and best practices to protect the Personal Information stored in our database, as detailed on our website. We limit access to your Personal Information to employees and contractors who need it to perform their job functions, such as our customer service personnel. If you have any questions about security on Razorpay, please contact us at",63,,,,
razorpay_73,razorpay,"You acknowledge that Razorpay is not responsible for any information intercepted during transmission over the Internet, and you hereby release us from any and all claims arising out of or related to the unauthorized use of such intercepted information.",39,,,,
razorpay_75,razorpay,"We may update this Privacy Policy from time to time to reflect changes in our information practices, legal requirements, or operational needs.",22,,,,
razorpay_76,razorpay,"Where changes are material or impact the manner in which we collect, use, or disclose Personal Data, we will provide prior notice through appropriate means, including email or a prominent notice on our platform, and seek fresh consent where required under applicable law.",43,,,,
razorpay_77,razorpay,Non-material changes or clarifications will become effective upon publication of the updated Privacy Policy.,14,,,,
razorpay_78,razorpay,We encourage you to review this Privacy Policy periodically to stay informed about how we process your Personal Data.,19,,,,
razorpay_79,razorpay,"You have the right to access, correct, update, and withdraw consent in relation to your Personal Data, in accordance with the Digital Personal Data Protection Act, 2023. You may update your contact details, including your email address, to ensure effective communication with us.",43,,,,
razorpay_80,razorpay,"If you do not agree to any changes in the way we use your Personal Information, you must promptly notify us of your desire to deactivate your account. Continued use of Razorpay after any changes to this Privacy Policy will signify your acknowledgment of those changes and your agreement to be bound by their terms",55,,,,
razorpay_81,razorpay,"Your use of this Website will be governed by and construed in accordance with the laws of India. Users agree that any legal action or proceedings arising from their use may be brought exclusively in the competent courts or tribunals having jurisdiction in Bengaluru, India, and irrevocably submit to the jurisdiction of such courts or tribunals.",56,,,,
razorpay_82,razorpay,"If you contact us to provide feedback, register a complaint, or ask a question, we will record any Personal Information and other content you provide in your communication so that we can effectively respond.",34,,,,
razorpay_83,razorpay,"Any complaints or concerns regarding your Personal Information, the content of this Website, disputes, breaches of confidentiality, violations of proprietary rights during your use of the Website, or intellectual property issues should be immediately reported in writing to the Grievance cum Nodal Officer at the contact details provided below or by raising a grievance ticket through",56,,,,
nykaa_0,nykaa,’s approach to Data Protection and Privacy to fulfil its obligations under the,13,,,,
nykaa_1,nykaa,. This Privacy Policy applies to your Personal Data which,10,,,,
nykaa_2,nykaa,"is processed by us, whether in physical or electronic mode.",10,,,,
nykaa_3,nykaa,While you may be able to browse the platform (Website and App collectively referred to as,16,,,,
nykaa_4,nykaa,"“Platform”) from countries outside of India, however please note we do not",12,,,,
nykaa_6,nykaa,"platform or providing your information, you expressly agree to be bound by this Privacy",14,,,,
nykaa_7,nykaa,Policy and agree to be governed by the laws of India including but not limited to the,17,,,,
nykaa_8,nykaa,laws applicable to data protection and privacy. If you do not agree please do not use or,17,,,,
nykaa_10,nykaa,‘Processing’ shall have the meanings given to them in the,10,,,,
nykaa_11,nykaa,We are committed to treating data privacy seriously. It is important that you know,14,,,,
nykaa_20,nykaa,"and/or its parent company, and/or its affiliates or offline stores / events to",13,,,,
nykaa_21,nykaa,We play the role of a Data Controller when we collect and process Personal Information,15,,,,
nykaa_22,nykaa,We play the role of a Data Processor when we collect and process Personal Information on,16,,,,
nykaa_23,nykaa,We commit to protecting your privacy and hence our Personal Information handling,12,,,,
nykaa_25,nykaa,"The information we learn and gather from you, personal or otherwise, is used to register you, verify your identity to permit you to use the app, undertake transactions",28,,,,
nykaa_26,nykaa,"(including to facilitate and process payments), communicate with you,convey any",10,,,,
nykaa_28,nykaa,your accounts with us. We also use this information to customize your experience and,14,,,,
nykaa_29,nykaa,"We receive and store any information you provide while using NYKAA, or give us in any",16,,,,
nykaa_30,nykaa,"other way. You can choose not to provide certain information, but then you might not be",16,,,,
nykaa_31,nykaa,able to use NYKAA. We use the information that you provide for such purposes as opening,16,,,,
nykaa_32,nykaa,"your account, processing your transactions, responding to your requests, and",10,,,,
nykaa_33,nykaa,We receive and store certain types of information whenever you interact with us. For,14,,,,
nykaa_34,nykaa,"example, like many websites, we use ""cookies,"" and we obtain certain types of",13,,,,
nykaa_35,nykaa,information when your web browser accesses our Services. We may also receive/store,12,,,,
nykaa_36,nykaa,"information about your location and your mobile device, including a unique identifier",12,,,,
nykaa_37,nykaa,for your device. We may use this information for internal analysis and to provide you,15,,,,
nykaa_38,nykaa,"with location-based services, such as advertising, search results, and other",10,,,,
nykaa_39,nykaa,We receive and store certain types of information whenever you interact with us.,13,,,,
nykaa_40,nykaa,Depending upon the jurisdiction from where you might be accessing our Platform and as,14,,,,
nykaa_41,nykaa,"You may be served different types of cookies such as strictly necessary cookies,",13,,,,
nykaa_42,nykaa,"performance cookies etc. For example, If you are an international user accessing our",13,,,,
nykaa_43,nykaa,"Platform, we only collect strictly necessary data for the functioning of our",12,,,,
nykaa_44,nykaa,We rely on Third Party analytics partners to gather a variety of first-party & Third Party,16,,,,
nykaa_45,nykaa,"Signals i.e. our End-User’s, data signal(s) in order to source high-value personalized insights",13,,,,
nykaa_48,nykaa,"""We may receive information about you from other sources, including publicly available databases, marketing partners, and other third parties incl. Payment Gateways. This information helps us to understand your preferences, improve the relevance of our communications, and personalize your experience. For example, we may use this data to correct and update our records, verify information you've provided, and make your next purchase and delivery experience more efficient.""",67,,,,
nykaa_49,nykaa,Categories of Personal Information collected and processed by us are as follows:,12,,,,
nykaa_51,nykaa,Open data and public records such as information about YOU that is openly available,14,,,,
nykaa_54,nykaa,"Location details such as data we get about your location, IP address, logs, or from",15,,,,
nykaa_56,nykaa,"Technical details such as device information, location and network carrier when you",12,,,,
nykaa_57,nykaa,Communications details such as the Metadata and other Personal Information we get from,13,,,,
nykaa_59,nykaa,"Usage data details such as data about how you use our Platform or web-based properties,",15,,,,
nykaa_60,nykaa,"pages viewed, etc. including First party & Third party signals from your mobile.",13,,,,
nykaa_61,nykaa,"By using the Platform and/ or by providing your information, you agree and consent to us",16,,,,
nykaa_62,nykaa,"collecting, storing, processing, transferring, using and sharing of your personal",10,,,,
nykaa_63,nykaa,information (including sensitive personal information as per applicable law) that you,11,,,,
nykaa_64,nykaa,disclose on the Platform with third parties or service providers for the purposes set out,15,,,,
nykaa_67,nykaa,"We use your personal information to operate, provide, develop, and improve the products",13,,,,
nykaa_68,nykaa,"We use your personal information to take and handle orders, deliver products and",13,,,,
nykaa_69,nykaa,"services, process payments, and communicate with you about orders, products and",11,,,,
nykaa_70,nykaa,"We use your personal information to provide functionality, analyze performance, fix",11,,,,
nykaa_72,nykaa,"We use your personal information to recommend features, products, and services that might",13,,,,
nykaa_73,nykaa,"be of interest to you, identify your preferences, and personalize your experience with",13,,,,
nykaa_74,nykaa,We use your personal information to communicate with you in relation to NYKAA via,14,,,,
nykaa_76,nykaa,"We use your personal information to display interest-based ads for features, products,",12,,,,
nykaa_78,nykaa,Cookies are small text files that are placed on your computer by websites that you visit.,16,,,,
nykaa_81,nykaa,"efficiently, as well as to provide information to the owners of the website/app.",13,,,,
nykaa_82,nykaa,Depending upon the jurisdiction from where you might be accessing our Platform and as per,15,,,,
nykaa_83,nykaa,applicable laws you may be served different types of cookies such as strictly necessary,14,,,,
nykaa_84,nykaa,"cookies, performance cookies etc. We use cookies, permissions and other trackers on our",13,,,,
nykaa_85,nykaa,Platform to collect and process data so as to provide you a better online experience as well,17,,,,
nykaa_86,nykaa,"For more information about cookies, and how to disable them, visit",11,,,,
nykaa_87,nykaa,Below are the categories of cookies used on our website along with a description of what they,17,,,,
nykaa_88,nykaa,"These cookies are needed to run our website, to keep it secure if you are logged on",17,,,,
nykaa_91,nykaa,manage your accounts. They also help us keep your details safe and private.,13,,,,
nykaa_95,nykaa,These cookies tell us how you and our other customers use our website. We combine all,16,,,,
nykaa_96,nykaa,this data together and study it. This helps us to:,10,,,,
nykaa_98,nykaa,Most web browsers allow some control of most cookies through the browser settings. Please,14,,,,
nykaa_99,nykaa,note disabling the ‘Strictly Necessary’ cookies may cause certain parts of,11,,,,
nykaa_105,nykaa,Nykaa app contains third party SDKs that collect personally identifiable information,11,,,,
nykaa_106,nykaa,(PII). They use this information to better target users or provide elements of our,14,,,,
nykaa_107,nykaa,products & services on behalf of us.These third party sites have separate and,13,,,,
nykaa_111,nykaa,Collect and combine contextual and behavioral data from device signals,10,,,,
nykaa_112,nykaa,to provide detailed insights by creating a user persona for enhanced,11,,,,
nykaa_115,nykaa,"We may share your personal data with select third parties, group companies for the below",15,,,,
nykaa_117,nykaa,Order processing - For instance using a third party order management system to track,14,,,,
nykaa_119,nykaa,Delivering packages - For instance using third party delivery service providers to,12,,,,
nykaa_122,nykaa,Processing payments - To enable secure and convenient modes of payment processing.,12,,,,
nykaa_124,nykaa,"Analyzing data to continuously better our services and for prevention, detection,",11,,,,
nykaa_126,nykaa,"Nykaa SkinScan - When you use the SkinScan feature, we will collect, calculate and store your skin analysis results with the help of third-parties, which include your skin rating and skin type. Nykaa utilises the results to personalize product recommendations and promotions for you on Nykaa.",46,,,,
nykaa_127,nykaa,No PII including your image is shared with any Third Parties.,11,,,,
nykaa_128,nykaa,We have put in place appropriate contracts and personal data protection obligations on the,14,,,,
nykaa_129,nykaa,"third-parties engaged by us, and they are subject to strict contractual obligations when",13,,,,
nykaa_131,nykaa,We may disclose your Personal Information to others where it is lawful to do so including,16,,,,
nykaa_135,nykaa,want to send you information and promotional material regarding our products and,12,,,,
nykaa_136,nykaa,"have asked you for your consent to share it, and you’ve agreed",12,,,,
nykaa_138,nykaa,"to protect the safety of any person, or to protect our rights or the rights of those who",18,,,,
nykaa_140,nykaa,We may disclose your Personal Information for the above purposes to other parties,13,,,,
nykaa_141,nykaa,"Other group companies and any subcontractors, agents or service providers who work for us or provide services, they may have access to your personal data however may not use it for other purposes, to us or group companies (including their employees, sub-contractors, service providers, directors and officers)",47,,,,
nykaa_147,nykaa,"mandatory to disclose the Personal Information as per the applicable law, courts,",12,,,,
nykaa_149,nykaa,Anybody else that we’ve been instructed to share your Personal Information with by,13,,,,
nykaa_150,nykaa,Personal Information we hold about you may be transferred to other countries outside,13,,,,
nykaa_151,nykaa,residential country for any of the purposes described in this Privacy Policy.,12,,,,
nykaa_153,nykaa,stringent) laws relating to the degree of confidentiality afforded to the information it,13,,,,
nykaa_154,nykaa,holds and that such information can become subject to the laws and disclosure,13,,,,
nykaa_157,nykaa,"inquiry, court order or other similar process. In addition, a number of countries have",14,,,,
nykaa_158,nykaa,agreements with other countries providing for exchange of information for law,11,,,,
nykaa_159,nykaa,If we transfer your Personal Information to third parties for purposes stated in this,14,,,,
nykaa_160,nykaa,"Policy, we will use best endeavors to put in place appropriate controls and safeguards",14,,,,
nykaa_161,nykaa,"to ensure that your Personal Information is kept accurate, adequately protected, and",12,,,,
nykaa_162,nykaa,"only for specified and reasonable purposes in a manner that is fair, transparent and has",15,,,,
nykaa_163,nykaa,"a lawful basis, and is stored for no longer than is absolutely necessary.",13,,,,
nykaa_164,nykaa,We are committed to protecting your Personal Information in our custody. We take,13,,,,
nykaa_166,nykaa,"to protect your Personal Information from unauthorized access, alteration, transmission and",11,,,,
nykaa_167,nykaa,deletion. We work to protect the security of your personal information during,12,,,,
nykaa_170,nykaa,"systems, and processes to meet the growing demands and challenges of security.We ensure",13,,,,
nykaa_171,nykaa,"that the third parties who provide services to us under appropriate contracts, take",13,,,,
nykaa_172,nykaa,appropriate security measures to protect your Personal Information in line with our,12,,,,
nykaa_173,nykaa,We keep the Personal Information we collect about you on our systems or with third,15,,,,
nykaa_174,nykaa,for as long as it is required for the purposes set out in this Privacy Policy and,17,,,,
nykaa_175,nykaa,for legal or regulatory reasons. We will only use your Personal Information for those,14,,,,
nykaa_176,nykaa,purposes and will make sure that your Privacy is protected. We shall take reasonable,14,,,,
nykaa_177,nykaa,steps to delete or permanently de-identify Personal Information that is no longer,12,,,,
nykaa_178,nykaa,Our Platform may contain links to websites of other organisations. This privacy policy,13,,,,
nykaa_179,nykaa,does not cover how that organisation processes Personal Information. We encourage you to,13,,,,
nykaa_180,nykaa,read the privacy policies on the other websites you visit.,10,,,,
nykaa_181,nykaa,"Our platform is directed to be used by adults only. If you are not an adult, while",17,,,,
nykaa_183,nykaa,Personal Information to us. We or our associates /affiliates do not knowingly,12,,,,
nykaa_184,nykaa,"We understand that when you interact with Nykaa, you have rights over your Personal Information. These rights involve providing reasonable steps to allow you to access your Personal Information, correct any errors among others, as enshrined by the DPDPA’23 you as a customer can also opt to get your account and associated data deleted.",54,,,,
nykaa_185,nykaa,"In the event that you want to opt for any of the above rights, you can get in touch with us to resolve the issue by means of [email]",29,,,,
nykaa_190,nykaa,in developing our business processes. This Customer Grievance Redressal Policy,10,,,,
nykaa_192,nykaa,The objective of this Grievance Policy is to provide a,10,,,,
nykaa_203,nykaa,telephonic or electronic mode in the following manner. (You may also access this,13,,,,
nykaa_210,nykaa,Number/ Bank account details through any means. Nykaa never call,10,,,,
nykaa_214,nykaa,customers against sharing any personal or payment sensitive information with,10,,,,
nykaa_217,nykaa,customer where the customer has shared personal and/or payment sensitive,10,,,,
nykaa_226,nykaa,For any further queries and complaints related to privacy under applicable laws,12,,,,
nykaa_230,nykaa,We keep our Privacy Policy under regular review to make sure it is up to date,16,,,,
nykaa_231,nykaa,and accurate. Any changes we may make to this Privacy Policy in the future will,15,,,,
ola_2,ola,"To help us improve our services, we would be grateful if you could tell us why",16,,,,
uidai_0,uidai,"English
हिन्दी
অসমীয়া
বাংলা
ಕನ್ನಡ
ગુજરાતી
മലയാളം
मराठी
ଓଡ଼ିଆ
ਪੰਜਾਬੀ
தமிழ்
తెలుగు
اردو
important_devices
Main Content
format_size
+ A
A
- A
chrome_reader_mode
Screen Reader
My Aadhaar
Update Your Aadhaar
Get Aadhaar
Aadhaar Services
About your Aadhaar
Aadhaar on your mobile
Downloads
About UIDAI
Unique Identification Authority of India
Legal Framework
Work with UIDAI
Right to Information
UIDAI Citizens Charter
Archives
Aadhaar Dashboard
POSH Policy and ICC at UIDAI
Ecosystem
UIDAI Ecosystem
Enrolment Ecosystem
Enrolment Documents
Authentication Ecosystem
Authentication Devices & Documents
Training, Testing & Certification Ecosystem
Media & Resources
Media
Resources
UIDAI Documents
Brand Aadhaar
Contact & Support
Have any Question?",102,,,,
uidai_2,uidai,"Requesting Agency
Authentication Service Agencies
Authentication Devices & Documents
Biometric Devices
QR Code Reader
About Aadhaar Paperless Offline e-kyc
Developer Section
Authentication Documents
Training, Testing & Certification Ecosystem
Training, Testing and Certification Policy 2023 Doc Type: PDF Size: 1.1MB
SOP for training, testing and certification of E&U Operators
SOP for Training, Testing and Certification of Authentication Operators Doc Type: PDF Size: 2 MB
Corrigendum to Standard Operating Procedure (SOP) for training, testing and certification of Enrolment and Update (E&U) Operators.",80,,,,
uidai_4,uidai,"Brand Aadhaar
Logo
Aadhaar Mascot Brand Guidelines (PDF, 5.5 MB)
Contact & Support
Have any Question?
FAQs
Glossary
Aadhaar Usage-Dos and Dont's Doc Type:PDF Size:0.1MB
Grievance Redressal Mechanism
Grievance and Feedback
Check Grievance / Feedback Status
Right to Information
Feedback
Head Office (HO)
Regional Offices
File-Complaint
English
हिन्दी
অসমীয়া
বাংলা
ಕನ್ನಡ
ગુજરાતી
മലയാളം
मराठी
ଓଡ଼ିଆ
ਪੰਜਾਬੀ
தமிழ்
తెలుగు
اردو
Search
Go
Privacy Policy
Privacy Policy
Site Visit data
UIDAI Website does not automatically capture any specific personal information from you, (like name, phone number or e-mail address), that allows us to identify you individually.",94,,,,
uidai_5,uidai,"This website records your visit and logs the following information for statistical purposes, such as Internet protocol (IP) addresses, domain name, server's address; name of the top-level domain from which you access the Internet (for example, .gov, .com, .in, etc.), browser type, operating system, the date and time of the visit, the pages you have accessed, the documents downloaded and the previous Internet address from which you linked directly to the site.",72,,,,
uidai_6,uidai,We make no attempt to link these addresses with the identity of individuals visiting our site unless an attempt to damage the site has been detected.,26,,,,
uidai_7,uidai,"We will not identify users or their browsing activities, except when a law enforcement agency may exercise a warrant to inspect the service provider's logs.",25,,,,
uidai_8,uidai,"If the UIDAI Website requests you to provide personal information, you will be informed for the particular purposes for which the information is gathered and adequate security measures will be taken to protect your personal information.",36,,,,
uidai_9,uidai,UIDAI does not sell or share any personally identifiable information volunteered on the UIDAI Website to any third party (public/private).,20,,,,
uidai_10,uidai,"Any information provided to this website will be protected from loss, misuse, unauthorized access or disclosure, alteration, or destruction.",19,,,,
uidai_11,uidai,"Cookies
A cookie is a piece of software code that an Internet website sends to your browser when you access information in that site.",24,,,,
uidai_14,uidai,It will only be used for the purpose for which you have provided it and will not be added to a mailing list.,23,,,,
uidai_15,uidai,"Your e-mail address will not be used for any other purpose, and will not be disclosed without your consent.",19,,,,
uidai_16,uidai,"Collection of Personal Information
If you are asked for any other Personal Information you will be informed how it will be used if you choose to give it.",28,,,,
uidai_17,uidai,"If at any time you believe the principles referred to in this privacy statement have not been followed, or have any other comments on these principles, please notify the Web Information Manager by sending email to
This email address is being protected from spambots.",44,,,,
uidai_19,uidai,"Note: The use of the term ""Personal Information"" in this privacy statement refers to any information from which your identity is apparent or can be reasonably ascertained.",27,,,,
uidai_20,uidai,"Reasonable Security Practices
Reasonable security measures such as administrative, technical, operational and physical controls have been implemented to ensure the security of personal information, if collected.",26,,,,
